{"cameraMode":{"drawMode":0,"name":"Shaded","section":"Shading Mode"},"sceneLighting":true,"audioPlay":false,"sceneViewState":{"m_AlwaysRefresh":false,"showFog":true,"showSkybox":true,"showFlares":true,"showImageEffects":true,"showParticleSystems":true,"showVisualEffectGraphs":true,"m_FxEnabled":true},"in2DMode":false,"pivot":{"x":645.9771118164063,"y":959.4060668945313,"z":65.6265869140625},"rotation":{"x":0.010499726980924607,"y":0.0036010202020406725,"z":-0.00003775221557589248,"w":0.9999390244483948},"size":1008.1744384765625,"orthographic":true}